attendance,study_hours,internal_marks,assignments,previous_gpa,performance
52,6,18,6,6.5,Average
80,9,29,10,8.3,Good
81,7,27,9,9.4,Good
81,9,28,10,9.3,Good
91,8,26,8,9.2,Good
75,8,29,10,8.7,Good
86,9,28,10,8.6,Good
84,6,22,8,8.0,Good
92,8,22,7,9.8,Good
76,6,22,7,9.7,Good
87,6,25,8,8.6,Good
88,6,30,7,9.2,Good
94,9,30,10,8.2,Good
86,8,25,9,9.4,Good
94,8,24,10,9.4,Good
77,7,23,7,8.6,Good
93,9,22,10,9.4,Good
85,7,29,10,9.5,Good
81,6,26,8,8.8,Good
95,6,30,7,8.3,Good
93,6,29,9,9.0,Good
77,8,25,8,7.8,Good
94,7,26,7,8.4,Good
86,6,24,10,8.1,Good
77,8,25,10,9.1,Good
81,9,29,7,7.9,Good
75,7,29,9,7.9,Good
90,7,29,8,7.9,Good
92,6,25,8,8.1,Good
95,9,26,7,8.5,Good
80,9,29,7,9.6,Good
85,7,23,8,9.5,Good
94,6,24,10,8.1,Good
89,6,28,9,9.3,Good
86,7,24,10,8.3,Good
84,8,23,8,9.7,Good
89,6,25,9,9.1,Good
95,6,25,9,8.9,Good
87,9,23,8,9.6,Good
91,7,23,9,9.5,Good
95,7,22,9,9.0,Good
93,7,25,7,8.6,Good
81,9,27,8,8.3,Good
89,8,30,8,8.4,Good
88,8,26,9,8.5,Good
95,7,26,8,9.1,Good
84,7,26,8,7.8,Good
91,6,27,7,8.8,Good
78,6,26,10,8.4,Good
89,9,27,10,8.0,Good
89,6,23,9,9.7,Good
86,9,23,8,9.4,Good
89,8,25,9,9.2,Good
91,7,26,8,8.4,Good
81,9,30,8,8.5,Good
81,9,29,8,8.1,Good
90,7,24,8,9.7,Good
88,6,24,8,9.0,Good
82,9,25,9,9.6,Good
86,8,26,9,8.0,Good
92,9,26,10,9.6,Good
95,9,29,8,9.0,Good
94,8,22,8,8.0,Good
94,6,30,9,8.4,Good
90,9,26,10,8.0,Good
88,8,27,7,8.3,Good
83,8,26,9,8.8,Good
87,8,24,7,8.5,Good
93,7,28,7,9.2,Good
93,7,30,9,8.3,Good
85,6,30,7,9.5,Good
94,6,27,8,8.6,Good
95,7,26,8,9.6,Good
88,8,25,10,8.8,Good
77,6,23,8,9.0,Good
84,8,25,7,8.5,Good
93,8,25,7,9.2,Good
93,7,23,7,8.0,Good
80,8,26,10,9.5,Good
93,8,29,9,8.5,Good
82,9,30,7,8.6,Good
76,9,26,7,9.4,Good
94,6,24,10,8.3,Good
79,9,26,8,8.6,Good
89,7,30,8,9.5,Good
75,9,28,10,8.8,Good
78,7,26,8,9.7,Good
89,7,22,8,8.0,Good
90,6,22,9,9.3,Good
76,8,23,9,8.1,Good
89,7,27,10,8.3,Good
82,9,28,8,8.9,Good
94,7,26,9,8.1,Good
80,6,27,9,9.7,Good
85,6,27,7,9.2,Good
76,7,22,9,8.4,Good
94,9,30,9,8.1,Good
81,6,26,8,8.3,Good
92,7,27,8,8.0,Good
88,7,26,7,8.0,Good
75,7,27,10,9.1,Good
95,6,28,9,7.9,Good
85,9,23,8,8.9,Good
84,7,27,10,9.1,Good
85,6,24,9,9.4,Good
95,8,23,10,8.3,Good
92,7,25,8,9.7,Good
91,9,22,10,8.3,Good
82,7,28,8,9.2,Good
89,8,26,10,8.4,Good
91,6,27,9,9.2,Good
82,9,28,8,8.0,Good
83,9,30,10,9.2,Good
95,9,29,8,8.3,Good
81,6,27,7,8.8,Good
92,9,25,8,9.5,Good
90,8,28,7,7.9,Good
83,7,27,9,8.4,Good
82,6,30,9,8.6,Good
75,8,23,8,8.5,Good
79,7,27,8,8.3,Good
94,6,28,8,8.7,Good
82,6,28,9,9.6,Good
95,7,28,7,8.0,Good
91,8,24,9,9.0,Good
77,8,29,9,8.4,Good
78,9,28,7,7.9,Good
87,9,25,10,9.8,Good
86,9,23,9,9.0,Good
89,8,28,10,9.3,Good
93,9,25,10,9.0,Good
83,8,30,9,8.9,Good
89,8,27,9,9.7,Good
76,9,29,10,9.8,Good
92,9,23,7,9.0,Good
90,9,29,8,8.7,Good
79,8,27,7,8.3,Good
89,7,22,7,9.6,Good
78,8,28,7,8.1,Good
81,7,28,9,8.4,Good
81,7,24,8,8.6,Good
94,8,22,7,9.3,Good
88,9,24,10,9.4,Good
95,8,26,7,8.3,Good
89,9,26,9,7.8,Good
79,8,26,10,8.1,Good
87,6,23,10,8.7,Good
76,6,30,7,9.0,Good
80,6,30,8,9.1,Good
86,8,28,9,9.5,Good
93,8,24,7,9.1,Good
83,7,24,8,8.3,Good
94,6,26,10,8.0,Good
80,7,24,8,7.9,Good
77,9,25,9,8.3,Good
90,6,27,10,8.2,Good
90,8,26,9,7.9,Good
90,9,25,7,8.8,Good
86,8,27,8,9.5,Good
82,6,30,10,8.7,Good
85,6,29,7,8.6,Good
88,7,27,10,9.4,Good
95,8,27,8,9.7,Good
95,9,23,10,7.9,Good
87,8,28,10,8.6,Good
76,6,27,9,7.8,Good
79,7,30,8,8.1,Good
79,9,29,9,9.8,Good
89,7,23,9,8.5,Good
93,7,26,10,8.4,Good
79,9,24,9,8.7,Good
89,7,28,8,8.4,Good
76,7,30,8,8.1,Good
77,8,26,9,7.9,Good
87,9,28,9,8.4,Good
80,8,29,10,9.3,Good
84,7,26,8,9.3,Good
76,7,23,10,8.2,Good
93,6,29,7,9.6,Good
85,9,26,10,8.1,Good
91,7,24,9,9.1,Good
87,8,23,9,8.0,Good
90,6,28,9,8.7,Good
93,7,24,8,8.2,Good
80,7,22,9,8.0,Good
75,8,24,10,8.4,Good
91,6,27,10,8.9,Good
86,8,25,10,8.7,Good
91,6,27,10,9.1,Good
84,9,28,9,9.3,Good
82,8,22,10,9.4,Good
77,6,27,7,8.6,Good
83,6,29,8,9.2,Good
81,7,28,9,9.0,Good
84,7,27,7,8.9,Good
83,8,28,8,8.5,Good
78,7,28,8,9.0,Good
79,6,30,9,9.7,Good
90,6,25,7,8.0,Good
95,9,30,7,9.2,Good
95,6,23,10,9.1,Good
94,9,23,10,8.4,Good
91,8,24,7,7.9,Good
94,8,28,8,8.8,Good
94,9,24,7,9.0,Good
76,6,26,9,8.9,Good
88,9,30,7,9.6,Good
88,6,22,9,8.8,Good
78,6,24,7,7.9,Good
85,7,29,8,8.3,Good
85,6,26,7,8.1,Good
87,8,27,7,9.5,Good
82,6,30,10,7.9,Good
91,8,25,10,9.3,Good
91,8,22,7,9.5,Good
85,6,24,8,8.9,Good
83,6,28,10,8.2,Good
79,6,22,8,8.4,Good
87,9,28,7,9.2,Good
95,6,29,10,8.2,Good
84,8,27,7,9.2,Good
90,8,25,8,9.6,Good
85,7,28,10,9.7,Good
78,7,27,8,8.5,Good
75,7,25,7,9.7,Good
92,6,25,8,8.8,Good
86,9,24,8,8.0,Good
91,9,22,10,9.2,Good
92,7,27,9,8.4,Good
91,7,22,7,8.5,Good
88,6,24,8,8.5,Good
89,7,27,7,8.4,Good
88,9,27,9,7.9,Good
93,7,25,10,9.2,Good
82,9,29,10,8.0,Good
94,8,27,9,8.9,Good
95,7,24,9,8.7,Good
81,8,29,7,8.5,Good
80,8,25,10,9.7,Good
95,6,26,10,8.3,Good
75,6,26,7,8.5,Good
83,6,30,10,8.5,Good
92,8,22,10,8.4,Good
89,8,22,8,8.8,Good
94,6,23,7,8.3,Good
82,8,24,9,9.1,Good
95,9,25,8,9.2,Good
86,6,25,9,8.2,Good
82,7,28,8,8.0,Good
91,9,24,7,8.4,Good
79,8,30,10,9.3,Good
91,9,26,7,8.1,Good
90,7,27,8,8.8,Good
79,6,23,9,9.6,Good
86,8,24,10,8.1,Good
92,8,23,10,8.9,Good
78,6,27,9,8.6,Good
88,9,27,9,9.2,Good
91,9,23,9,9.6,Good
79,7,24,8,8.2,Good
88,6,26,8,9.8,Good
83,9,29,10,8.3,Good
88,7,27,9,8.8,Good
86,8,22,7,9.2,Good
77,9,27,7,8.3,Good
88,8,26,8,8.7,Good
90,7,26,10,9.2,Good
84,7,27,7,7.8,Good
78,7,30,9,8.1,Good
87,9,25,8,9.2,Good
77,8,29,9,9.4,Good
82,8,26,10,8.6,Good
90,8,22,8,9.0,Good
82,7,25,10,8.2,Good
79,6,27,9,8.0,Good
79,7,27,10,8.6,Good
92,7,27,10,9.0,Good
75,9,22,9,9.6,Good
91,7,22,8,8.5,Good
88,6,28,9,7.9,Good
89,7,29,7,9.4,Good
88,9,22,9,8.7,Good
83,8,23,7,8.9,Good
83,9,29,8,8.0,Good
80,8,27,9,9.3,Good
95,9,26,8,8.9,Good
88,8,27,9,9.3,Good
87,8,27,9,9.5,Good
94,9,29,7,9.2,Good
78,7,26,8,9.6,Good
75,7,22,8,8.8,Good
91,7,30,9,9.2,Good
85,7,27,10,8.5,Good
75,8,24,7,8.4,Good
86,9,24,9,8.8,Good
77,6,28,9,8.4,Good
85,7,28,10,8.5,Good
85,9,26,8,9.0,Good
87,6,25,8,8.8,Good
83,9,23,9,8.9,Good
76,6,25,10,9.2,Good
90,6,23,8,7.9,Good
91,8,23,8,8.8,Good
75,6,27,8,9.2,Good
95,8,25,7,9.5,Good
89,9,22,9,8.3,Good
85,8,29,10,9.0,Good
83,8,23,9,9.6,Good
93,7,25,10,7.8,Good
94,7,23,7,8.4,Good
83,8,23,7,8.0,Good
76,6,28,10,9.3,Good
93,8,30,8,8.5,Good
83,9,30,8,8.7,Good
95,6,22,8,8.0,Good
91,7,28,10,9.3,Good
82,8,30,8,9.6,Good
90,6,27,7,7.9,Good
93,6,23,9,8.6,Good
89,6,27,9,9.2,Good
86,6,29,10,8.2,Good
91,8,23,7,8.0,Good
83,7,24,9,9.6,Good
78,6,23,8,8.5,Good
94,7,25,8,8.1,Good
91,8,23,10,9.2,Good
92,6,23,7,8.2,Good
92,6,30,7,8.0,Good
93,7,25,7,9.5,Good
81,9,28,7,8.3,Good
95,7,26,9,9.8,Good
94,6,30,7,8.6,Good
90,9,27,10,9.7,Good
92,7,22,10,9.7,Good
76,6,29,10,9.5,Good
95,9,23,10,9.2,Good
91,8,26,9,8.1,Good
89,8,22,9,9.1,Good
80,7,25,8,8.8,Good
77,9,23,7,9.2,Good
86,7,26,10,9.0,Good
88,9,28,10,8.9,Good
82,8,23,10,7.9,Good
88,7,30,8,8.8,Good
95,8,25,8,8.2,Good
81,6,24,10,9.1,Good
84,9,29,9,8.5,Good
82,8,25,8,8.7,Good
88,6,26,8,8.6,Good
91,8,24,8,9.6,Good
83,9,28,9,9.6,Good
86,9,24,10,9.0,Good
78,9,23,8,7.8,Good
81,7,23,9,8.8,Good
90,6,26,10,8.7,Good
76,6,26,8,8.5,Good
92,9,26,8,8.3,Good
94,9,25,9,8.0,Good
88,7,29,8,9.7,Good
86,7,22,8,8.1,Good
94,8,27,7,8.6,Good
95,6,28,7,8.6,Good
92,7,28,10,7.8,Good
81,9,23,9,9.4,Good
80,9,26,10,8.9,Good
94,7,26,8,9.2,Good
92,6,30,9,9.1,Good
89,7,23,7,8.6,Good
75,7,23,10,9.7,Good
91,6,23,10,9.6,Good
77,7,28,8,9.1,Good
85,7,24,8,7.8,Good
82,9,22,8,9.4,Good
91,9,22,7,9.7,Good
75,8,23,8,8.3,Good
75,6,24,9,9.4,Good
93,8,22,7,9.0,Good
85,6,23,7,9.3,Good
88,6,29,7,9.8,Good
78,8,29,10,8.2,Good
77,7,28,7,8.8,Good
94,7,30,10,9.6,Good
80,6,30,7,8.5,Good
95,6,25,10,8.9,Good
93,6,23,9,9.5,Good
83,8,22,7,8.7,Good
89,8,30,7,8.4,Good
84,6,30,9,9.3,Good
93,9,26,8,8.0,Good
80,9,24,9,8.3,Good
91,8,29,9,8.9,Good
79,8,26,10,9.3,Good
93,8,23,8,9.7,Good
83,6,28,10,9.0,Good
89,6,30,7,8.2,Good
80,9,28,10,8.8,Good
78,7,24,7,8.7,Good
93,7,27,7,9.6,Good
91,8,29,7,7.9,Good
83,6,26,8,8.9,Good
85,8,22,8,8.4,Good
86,6,22,10,9.0,Good
90,8,27,9,8.6,Good
79,6,23,10,9.4,Good
76,6,30,9,9.7,Good
91,8,29,7,9.5,Good
79,8,28,10,8.1,Good
84,8,26,9,8.2,Good
86,7,23,9,8.9,Good
84,9,28,9,9.1,Good
91,9,26,7,8.3,Good
87,6,25,9,8.3,Good
91,6,27,9,8.0,Good
88,6,22,10,9.0,Good
89,6,28,7,8.5,Good
95,8,29,9,8.7,Good
92,8,22,8,8.6,Good
94,7,26,10,8.9,Good
84,6,24,10,9.1,Good
88,6,27,7,9.0,Good
87,6,27,8,9.7,Good
78,7,29,7,8.2,Good
91,6,24,10,9.4,Good
88,9,25,9,8.2,Good
83,6,28,10,8.2,Good
77,9,25,9,9.4,Good
84,9,30,8,8.5,Good
75,8,26,9,8.2,Good
81,7,29,8,9.8,Good
81,6,26,8,7.9,Good
86,7,28,9,8.3,Good
78,9,23,9,9.1,Good
84,8,26,10,8.0,Good
86,7,22,9,9.1,Good
80,7,22,10,8.3,Good
94,7,24,9,9.7,Good
80,6,28,8,9.6,Good
84,9,29,8,8.0,Good
85,8,26,9,9.6,Good
80,7,26,9,9.6,Good
82,9,26,9,7.9,Good
75,6,23,7,9.0,Good
79,6,22,7,9.1,Good
85,6,28,8,9.2,Good
92,6,24,10,9.7,Good
90,8,25,9,9.4,Good
75,7,30,8,8.8,Good
75,9,28,8,7.9,Good
83,8,23,7,9.4,Good
80,9,29,10,9.1,Good
82,6,22,10,9.5,Good
82,8,25,10,8.2,Good
91,7,22,8,7.8,Good
89,9,22,9,9.3,Good
78,6,24,9,9.0,Good
91,7,29,8,8.1,Good
76,8,26,9,9.8,Good
91,8,23,7,7.9,Good
80,6,26,10,9.3,Good
83,6,28,10,9.6,Good
82,9,22,10,8.0,Good
95,6,25,9,9.4,Good
76,8,28,10,8.2,Good
84,6,22,7,8.5,Good
95,7,24,9,9.4,Good
92,8,23,8,9.8,Good
93,8,23,8,7.8,Good
77,9,24,10,9.2,Good
90,6,22,10,8.1,Good
90,9,25,10,9.7,Good
93,6,25,9,9.1,Good
95,9,22,10,8.9,Good
91,7,22,7,9.3,Good
92,8,22,9,8.3,Good
78,6,25,7,9.2,Good
75,7,23,8,9.1,Good
87,6,24,9,9.0,Good
85,7,26,7,9.4,Good
80,8,25,10,8.6,Good
90,8,24,7,8.6,Good
81,7,26,9,9.3,Good
86,7,23,7,9.0,Good
76,8,24,10,8.3,Good
94,6,28,9,8.1,Good
94,6,28,9,9.6,Good
94,7,30,8,9.1,Good
85,9,28,7,9.0,Good
94,6,23,7,8.9,Good
92,8,22,7,9.7,Good
82,7,23,9,9.8,Good
85,8,28,7,9.5,Good
85,7,27,10,8.7,Good
85,6,26,10,8.9,Good
84,9,22,8,9.2,Good
78,9,24,10,8.4,Good
78,6,26,8,9.0,Good
85,8,24,7,8.6,Good
84,7,23,10,9.6,Good
82,9,27,10,8.4,Good
82,8,25,10,8.7,Good
91,9,25,10,9.2,Good
95,8,23,7,8.4,Good
78,7,26,7,9.7,Good
81,7,28,10,8.7,Good
89,6,23,10,9.4,Good
82,7,24,8,8.6,Good
78,7,24,9,8.4,Good
81,9,26,9,9.0,Good
79,6,29,10,8.8,Good
83,9,26,8,7.9,Good
90,8,29,8,9.5,Good
75,9,25,8,9.6,Good
79,6,26,10,9.1,Good
85,6,24,7,9.5,Good
84,8,28,8,9.8,Good
89,9,28,9,9.5,Good
89,8,24,8,8.2,Good
81,8,23,8,9.2,Good
83,6,29,10,9.5,Good
76,8,30,10,9.2,Good
92,8,23,9,8.3,Good
78,8,24,10,9.0,Good
77,6,30,8,9.7,Good
92,9,26,8,9.3,Good
93,9,24,8,8.5,Good
82,7,25,9,9.3,Good
87,9,29,7,8.2,Good
93,7,28,8,8.2,Good
94,6,24,10,7.8,Good
88,8,22,7,9.3,Good
78,9,27,10,9.3,Good
78,8,28,9,8.0,Good
88,7,27,8,8.1,Good
75,8,25,8,9.2,Good
80,6,27,9,8.1,Good
92,9,27,7,7.9,Good
82,6,23,8,7.9,Good
87,9,25,7,8.1,Good
90,6,24,10,8.1,Good
87,6,25,8,8.4,Good
79,6,24,7,9.1,Good
81,7,24,7,9.0,Good
80,7,23,8,8.6,Good
80,9,30,7,9.0,Good
76,7,26,10,9.2,Good
77,6,23,8,8.8,Good
85,6,25,7,9.3,Good
82,7,25,8,9.7,Good
86,6,23,10,9.8,Good
91,9,27,10,8.5,Good
88,9,29,8,9.8,Good
92,7,27,8,8.2,Good
90,6,23,10,9.2,Good
82,7,29,7,8.9,Good
92,7,22,7,9.7,Good
79,9,24,10,8.0,Good
92,6,29,9,9.3,Good
75,9,24,7,8.3,Good
86,9,26,7,9.7,Good
90,6,29,10,9.7,Good
77,7,28,9,8.4,Good
91,8,28,8,7.8,Good
76,6,29,10,8.4,Good
85,8,22,9,9.8,Good
89,9,28,7,8.0,Good
82,7,29,8,7.9,Good
81,7,22,7,9.6,Good
91,6,26,7,9.7,Good
83,6,23,10,9.0,Good
91,7,27,7,9.3,Good
76,8,30,7,8.2,Good
80,8,30,9,9.1,Good
75,9,26,8,9.7,Good
77,8,28,9,8.1,Good
82,6,27,9,8.2,Good
86,7,27,8,7.8,Good
81,8,25,8,8.4,Good
83,6,23,10,8.4,Good
93,9,24,8,8.0,Good
81,8,30,9,9.3,Good
75,7,30,7,8.4,Good
93,9,28,7,8.3,Good
86,7,22,10,8.3,Good
75,6,26,8,8.0,Good
75,7,29,10,9.0,Good
82,9,29,7,8.1,Good
93,6,27,9,9.6,Good
80,6,28,7,9.0,Good
88,9,29,10,8.8,Good
93,9,23,8,7.9,Good
88,7,24,8,8.5,Good
88,7,23,10,8.7,Good
77,7,25,10,8.0,Good
75,9,23,10,8.0,Good
75,7,22,9,9.1,Good
84,6,23,8,7.9,Good
82,6,28,10,7.9,Good
79,9,24,8,8.6,Good
75,9,26,8,7.9,Good
88,9,28,9,9.6,Good
94,8,24,8,8.7,Good
83,8,25,7,9.6,Good
87,9,23,9,8.5,Good
95,6,24,9,8.1,Good
92,7,29,8,7.9,Good
83,8,28,9,9.1,Good
91,6,30,7,8.9,Good
87,6,29,10,9.6,Good
75,8,26,9,9.2,Good
85,8,23,7,8.9,Good
82,9,28,7,8.6,Good
85,7,28,8,8.5,Good
91,6,27,7,8.3,Good
86,9,23,8,9.1,Good
88,6,22,8,8.2,Good
95,8,28,10,8.9,Good
83,9,25,9,9.1,Good
91,6,22,9,9.7,Good
79,7,23,8,8.6,Good
78,8,29,9,9.5,Good
83,6,26,10,8.9,Good
93,6,30,10,8.9,Good
95,6,25,8,9.0,Good
85,6,28,10,7.9,Good
80,9,22,10,9.6,Good
92,8,23,9,9.4,Good
95,9,23,7,9.5,Good
85,6,26,7,9.1,Good
91,8,26,8,8.4,Good
83,9,23,8,9.6,Good
82,9,25,10,9.2,Good
86,7,25,9,8.0,Good
77,9,30,10,8.5,Good
89,7,26,8,9.4,Good
75,7,30,8,9.2,Good
77,8,22,8,8.0,Good
78,9,30,8,8.6,Good
83,6,22,9,8.5,Good
90,6,24,9,9.8,Good
88,9,26,8,9.1,Good
92,7,29,10,8.0,Good
83,7,24,9,7.8,Good
93,8,24,8,9.7,Good
80,6,24,10,8.7,Good
80,6,22,8,9.1,Good
88,6,30,7,8.9,Good
81,6,29,8,8.7,Good
89,7,25,10,8.6,Good
92,7,23,8,8.9,Good
76,6,24,10,8.4,Good
90,7,22,8,8.2,Good
77,7,28,9,9.6,Good
86,8,23,9,9.4,Good
75,9,28,9,8.8,Good
77,6,26,8,9.3,Good
82,6,24,10,8.6,Good
80,8,26,10,8.7,Good
85,6,29,8,8.8,Good
82,8,30,7,8.1,Good
82,6,24,10,8.9,Good
86,6,27,9,8.6,Good
77,7,29,8,8.7,Good
82,7,26,9,9.3,Good
82,7,26,7,8.6,Good
78,7,26,7,8.7,Good
93,6,29,9,9.3,Good
80,8,25,7,8.3,Good
85,8,29,8,8.6,Good
89,9,26,8,9.7,Good
91,8,27,9,8.5,Good
78,7,24,9,8.1,Good
78,8,28,9,8.2,Good
86,6,25,8,8.0,Good
95,9,25,9,9.0,Good
92,8,30,8,9.2,Good
81,7,26,10,8.7,Good
77,8,27,10,8.6,Good
76,6,25,9,8.8,Good
93,8,22,7,7.9,Good
92,6,25,9,8.7,Good
95,8,26,7,8.0,Good
83,6,25,10,9.1,Good
89,9,28,8,8.8,Good
75,9,30,9,7.9,Good
76,9,28,7,8.4,Good
79,9,28,10,9.0,Good
88,6,28,10,8.7,Good
88,8,28,8,9.5,Good
83,8,29,7,8.9,Good
82,8,23,7,9.2,Good
94,6,28,9,9.1,Good
87,8,28,10,8.7,Good
93,7,30,10,8.1,Good
81,6,24,10,8.3,Good
81,7,23,7,8.8,Good
94,6,23,7,7.8,Good
87,7,25,9,8.4,Good
82,6,26,9,8.6,Good
78,7,24,7,8.7,Good
82,9,30,9,9.0,Good
85,7,22,8,7.9,Good
67,6,19,6,6.7,Average
54,5,16,5,6.4,Average
61,4,16,6,6.7,Average
57,5,19,5,6.2,Average
51,4,20,6,6.8,Average
51,5,16,5,6.5,Average
52,6,16,6,6.9,Average
69,4,20,6,6.4,Average
58,5,18,5,6.1,Average
66,5,16,5,6.4,Average
61,6,19,5,6.6,Average
61,6,19,6,6.7,Average
57,6,19,6,6.7,Average
52,4,17,5,6.5,Average
55,5,16,5,6.2,Average
64,6,17,5,6.4,Average
63,5,16,6,6.8,Average
57,6,19,5,6.6,Average
70,5,16,6,6.7,Average
61,5,19,5,6.7,Average
67,5,17,5,6.7,Average
59,4,17,5,6.6,Average
67,6,17,6,6.7,Average
56,4,17,5,6.1,Average
57,5,16,6,6.7,Average
50,4,16,5,6.4,Average
59,5,18,5,6.4,Average
64,4,16,5,6.2,Average
63,5,18,6,6.9,Average
66,4,19,5,6.6,Average
57,5,19,6,6.3,Average
57,6,18,6,6.4,Average
70,5,17,5,6.8,Average
64,5,17,5,6.3,Average
65,5,16,5,6.4,Average
61,5,18,5,6.4,Average
60,4,17,6,6.2,Average
51,4,16,5,6.2,Average
62,4,17,6,6.8,Average
56,5,20,6,6.4,Average
50,4,17,6,6.4,Average
66,5,19,5,6.9,Average
63,5,20,5,6.8,Average
70,4,16,6,6.7,Average
56,4,16,6,6.7,Average
58,4,17,5,6.3,Average
61,4,18,6,6.3,Average
52,4,16,6,6.0,Average
51,6,19,5,6.7,Average
54,4,18,5,6.6,Average
51,5,18,6,6.7,Average
60,5,20,6,6.5,Average
50,5,16,6,6.7,Average
68,4,19,5,6.3,Average
68,5,18,5,6.1,Average
63,6,16,5,6.7,Average
53,6,16,6,6.4,Average
69,4,16,6,6.8,Average
65,6,16,5,6.5,Average
55,6,19,6,6.0,Average
56,5,19,6,6.8,Average
62,4,17,5,6.6,Average
53,6,18,6,6.0,Average
59,4,16,6,6.3,Average
52,6,17,5,6.8,Average
52,6,16,5,6.3,Average
53,6,17,5,6.4,Average
58,5,18,5,6.7,Average
69,5,16,6,6.0,Average
55,4,17,5,6.4,Average
63,5,16,5,6.8,Average
64,4,18,5,6.1,Average
53,6,17,5,6.6,Average
64,5,20,5,6.5,Average
51,4,18,6,6.7,Average
63,4,16,5,6.2,Average
57,6,19,5,6.1,Average
70,4,16,5,6.8,Average
68,5,17,6,6.1,Average
69,4,20,5,6.1,Average
50,4,18,5,6.5,Average
67,5,20,6,6.2,Average
58,4,19,5,6.2,Average
67,4,16,6,6.1,Average
53,4,20,6,6.8,Average
66,5,19,5,6.9,Average
51,5,17,5,6.8,Average
60,4,18,6,6.4,Average
55,5,17,6,6.1,Average
69,5,16,5,6.4,Average
67,4,17,6,6.2,Average
66,6,20,6,6.1,Average
58,6,16,5,6.0,Average
51,5,20,6,6.4,Average
56,6,16,6,6.1,Average
70,5,18,6,6.1,Average
64,4,19,6,6.1,Average
64,6,19,5,6.1,Average
52,6,17,5,6.4,Average
50,4,19,6,6.3,Average
58,6,19,5,6.5,Average
67,5,18,5,6.8,Average
52,6,19,6,6.3,Average
53,6,17,6,6.7,Average
53,6,20,5,6.9,Average
69,5,16,6,6.3,Average
59,5,17,6,6.1,Average
58,5,18,6,6.4,Average
55,6,20,5,6.6,Average
67,4,17,6,6.1,Average
58,6,18,6,6.9,Average
64,4,20,5,6.7,Average
65,6,18,5,6.4,Average
56,6,17,6,6.4,Average
59,5,19,6,6.2,Average
55,6,17,5,6.7,Average
64,5,16,5,6.3,Average
60,5,18,5,6.4,Average
55,5,17,5,6.7,Average
56,6,18,6,6.8,Average
63,5,18,5,6.7,Average
68,6,17,5,6.0,Average
58,5,20,5,6.2,Average
70,6,17,6,6.4,Average
56,5,20,5,6.7,Average
50,4,16,5,6.6,Average
55,6,17,6,6.8,Average
54,5,17,6,6.8,Average
51,6,18,6,6.6,Average
51,5,20,6,6.9,Average
57,5,19,5,6.2,Average
59,5,16,6,6.4,Average
60,4,16,5,6.8,Average
64,5,18,5,6.3,Average
57,5,18,6,6.4,Average
56,6,16,6,6.3,Average
51,4,18,5,6.3,Average
59,4,20,5,6.2,Average
56,5,17,5,6.6,Average
56,4,16,6,6.4,Average
68,5,18,5,6.9,Average
59,6,17,5,6.8,Average
50,6,16,6,6.3,Average
69,5,18,5,6.3,Average
66,4,19,6,6.8,Average
57,6,17,6,6.3,Average
68,4,18,6,6.6,Average
63,5,16,5,6.5,Average
67,4,17,5,6.8,Average
59,6,16,5,6.4,Average
68,6,17,5,6.4,Average
62,6,18,5,6.2,Average
68,5,16,6,6.7,Average
61,5,19,6,6.7,Average
66,4,18,5,6.3,Average
54,6,16,5,6.4,Average
55,5,17,6,6.1,Average
68,5,16,5,6.7,Average
70,5,20,5,6.0,Average
50,6,18,6,6.8,Average
70,6,19,6,6.5,Average
66,5,18,5,6.7,Average
57,6,20,5,6.9,Average
68,5,17,6,6.4,Average
69,6,20,5,6.4,Average
60,5,18,6,6.3,Average
59,5,20,6,6.2,Average
63,5,18,6,6.2,Average
67,6,18,6,6.7,Average
54,6,16,6,6.4,Average
55,4,16,6,6.2,Average
55,5,16,6,6.3,Average
69,5,18,5,6.3,Average
65,4,18,6,6.5,Average
70,4,16,6,6.7,Average
66,5,16,5,6.0,Average
68,5,19,5,6.7,Average
58,5,19,5,6.3,Average
59,4,17,6,6.3,Average
55,5,20,6,6.5,Average
53,5,17,5,6.5,Average
62,4,16,5,6.6,Average
68,6,19,6,6.3,Average
55,5,19,6,6.4,Average
53,4,16,5,6.3,Average
50,6,17,5,6.3,Average
55,4,16,5,6.4,Average
56,6,20,6,6.1,Average
52,5,19,5,6.4,Average
55,6,19,6,6.8,Average
55,5,16,6,6.3,Average
64,6,18,5,6.5,Average
53,5,20,5,6.6,Average
52,4,18,6,6.2,Average
60,6,17,6,6.1,Average
63,6,16,5,6.3,Average
52,4,20,5,6.9,Average
57,5,18,5,6.4,Average
64,4,17,5,6.5,Average
70,6,20,5,6.3,Average
65,5,19,6,6.8,Average
57,5,19,5,6.1,Average
56,4,17,6,6.6,Average
70,5,20,6,6.5,Average
64,5,17,6,6.5,Average
65,4,20,6,6.9,Average
60,5,17,5,6.4,Average
59,6,20,5,6.4,Average
67,4,20,6,6.4,Average
51,5,16,5,6.1,Average
61,4,20,5,6.7,Average
64,4,18,6,6.6,Average
69,4,20,6,6.8,Average
62,4,19,5,6.1,Average
67,5,16,6,6.0,Average
54,5,20,6,6.3,Average
55,5,20,6,6.9,Average
68,5,20,6,6.7,Average
63,4,17,6,6.1,Average
51,6,20,6,6.3,Average
70,6,19,5,6.0,Average
70,6,19,6,6.0,Average
59,6,19,6,6.4,Average
61,4,17,5,6.3,Average
68,5,20,5,6.2,Average
69,6,16,5,6.8,Average
62,5,20,5,6.6,Average
55,6,16,5,6.4,Average
70,5,20,6,6.3,Average
69,6,16,6,6.8,Average
66,4,18,6,6.3,Average
53,5,16,6,6.0,Average
53,4,16,5,6.8,Average
66,5,16,5,6.6,Average
65,5,20,5,6.1,Average
56,5,19,5,6.1,Average
54,4,19,6,6.7,Average
67,6,20,6,6.1,Average
61,4,16,6,6.7,Average
62,4,17,5,6.5,Average
64,6,16,6,6.3,Average
69,6,18,5,6.1,Average
60,6,20,5,6.8,Average
67,5,18,5,6.1,Average
53,6,17,5,6.4,Average
66,4,17,5,6.5,Average
64,5,17,5,6.1,Average
53,5,20,5,6.6,Average
58,5,19,5,6.8,Average
50,6,17,6,6.6,Average
66,4,17,5,6.0,Average
57,5,19,6,6.2,Average
58,5,16,6,6.1,Average
61,5,16,5,6.5,Average
58,4,19,6,6.0,Average
69,5,18,5,6.3,Average
55,5,19,5,6.4,Average
68,4,20,5,6.5,Average
57,5,18,5,6.8,Average
59,4,19,5,6.4,Average
53,4,19,5,6.7,Average
58,6,16,6,6.1,Average
62,5,18,5,6.0,Average
68,6,18,6,6.3,Average
54,4,16,6,6.9,Average
62,5,20,5,6.6,Average
66,4,18,5,6.2,Average
70,4,17,5,6.2,Average
66,6,16,5,6.3,Average
59,4,20,5,6.0,Average
51,6,19,5,6.5,Average
58,6,20,6,6.3,Average
54,4,16,5,6.1,Average
51,4,20,6,6.9,Average
61,6,16,6,6.2,Average
51,5,19,6,6.1,Average
69,5,18,5,6.2,Average
64,6,18,6,6.3,Average
61,5,20,5,6.9,Average
70,4,18,5,6.2,Average
66,6,17,6,6.3,Average
57,5,18,6,6.1,Average
63,5,18,6,6.0,Average
54,5,17,6,6.9,Average
67,6,16,6,6.8,Average
57,6,18,6,6.1,Average
70,4,18,5,6.4,Average
54,5,16,6,6.8,Average
52,5,16,6,6.1,Average
55,4,16,5,6.7,Average
52,6,20,5,6.2,Average
66,6,18,5,6.4,Average
52,6,18,6,6.3,Average
55,5,17,5,6.8,Average
64,4,16,5,6.8,Average
59,6,20,6,6.5,Average
62,6,18,6,6.0,Average
64,6,17,6,6.7,Average
60,5,16,5,6.2,Average
58,4,17,5,6.3,Average
59,4,19,6,6.0,Average
56,5,18,5,6.4,Average
61,5,17,5,6.1,Average
61,4,19,6,6.6,Average
60,4,20,6,6.1,Average
52,4,16,6,6.8,Average
69,6,16,5,6.2,Average
50,4,19,5,6.6,Average
60,5,19,6,6.7,Average
50,4,16,6,6.4,Average
65,4,16,5,6.4,Average
57,6,18,6,6.7,Average
67,4,17,6,6.9,Average
62,6,18,6,6.0,Average
62,4,18,6,6.0,Average
67,6,16,5,6.5,Average
50,4,16,6,6.9,Average
64,5,19,5,6.3,Average
65,6,20,6,6.6,Average
57,5,18,5,6.4,Average
62,4,17,5,6.2,Average
57,4,20,5,6.1,Average
68,5,20,5,6.3,Average
56,4,20,5,6.9,Average
59,5,17,6,6.3,Average
51,6,19,6,6.6,Average
59,6,20,5,6.3,Average
61,6,20,5,6.5,Average
50,4,17,6,6.8,Average
58,5,17,5,6.5,Average
69,5,19,5,6.4,Average
66,4,18,6,6.2,Average
57,5,17,5,6.2,Average
67,4,18,6,6.3,Average
58,5,20,6,6.8,Average
57,5,20,5,6.1,Average
56,4,20,6,6.6,Average
53,4,20,6,6.1,Average
52,4,17,6,6.5,Average
70,4,18,5,6.1,Average
67,4,18,5,6.6,Average
57,6,17,5,6.8,Average
55,6,17,5,6.3,Average
70,5,18,6,6.1,Average
70,6,18,6,6.7,Average
50,5,20,6,6.8,Average
70,6,17,6,6.2,Average
60,4,20,5,6.5,Average
59,6,20,5,6.8,Average
68,6,19,6,6.5,Average
58,4,16,6,6.7,Average
54,5,19,5,6.9,Average
60,4,17,5,6.0,Average
64,5,20,5,6.2,Average
63,6,18,5,6.9,Average
55,5,19,5,6.4,Average
52,4,18,6,6.4,Average
60,4,16,5,6.8,Average
59,5,19,6,6.3,Average
58,4,17,6,6.0,Average
58,6,20,5,6.7,Average
58,5,20,5,6.5,Average
61,4,17,6,6.7,Average
66,4,19,6,6.8,Average
57,4,19,6,6.3,Average
58,5,18,5,6.3,Average
62,4,18,5,6.3,Average
67,4,17,5,6.3,Average
55,6,20,6,6.9,Average
68,5,18,6,6.4,Average
57,4,16,6,6.7,Average
52,5,16,6,6.4,Average
57,4,16,6,6.4,Average
54,4,17,5,6.9,Average
70,5,16,6,6.4,Average
67,5,18,6,6.9,Average
58,6,18,6,6.2,Average
64,4,19,5,6.3,Average
54,5,17,6,6.3,Average
63,6,16,6,6.2,Average
51,6,18,6,6.6,Average
59,6,16,5,6.4,Average
60,4,16,6,6.8,Average
50,4,18,5,6.2,Average
66,4,17,5,6.0,Average
55,4,16,6,6.1,Average
54,4,19,5,6.1,Average
66,6,17,5,6.7,Average
59,6,17,5,6.3,Average
50,5,17,6,6.7,Average
62,4,16,5,6.7,Average
51,4,17,6,6.2,Average
51,4,17,5,6.9,Average
66,4,18,6,6.4,Average
52,4,17,5,6.5,Average
68,6,17,5,6.5,Average
52,5,17,6,6.0,Average
64,6,20,5,6.3,Average
61,4,17,6,6.2,Average
63,4,18,5,6.6,Average
62,6,19,5,6.0,Average
65,5,17,6,6.9,Average
50,5,16,6,6.9,Average
50,4,16,6,6.2,Average
55,4,17,5,6.6,Average
63,6,20,6,6.6,Average
70,6,17,6,6.7,Average
58,6,18,6,6.5,Average
70,4,20,6,6.1,Average
62,6,20,5,6.7,Average
64,5,19,6,6.2,Average
50,5,19,5,6.8,Average
64,5,18,5,6.5,Average
51,4,16,5,6.6,Average
64,6,16,6,6.4,Average
51,4,20,5,6.3,Average
52,6,17,5,6.2,Average
50,6,20,6,6.4,Average
61,6,20,6,6.0,Average
69,6,20,5,6.6,Average
54,6,19,6,6.5,Average
54,6,18,5,6.2,Average
62,5,17,5,6.9,Average
64,5,18,5,6.1,Average
58,6,16,5,6.5,Average
70,5,19,5,6.3,Average
69,4,19,6,6.8,Average
60,4,17,5,6.5,Average
55,5,18,5,6.0,Average
56,4,19,5,6.5,Average
56,4,16,5,6.4,Average
70,4,17,6,6.9,Average
56,4,20,6,6.8,Average
51,6,18,6,6.3,Average
61,5,18,5,6.8,Average
54,5,17,6,6.4,Average
51,5,17,6,6.7,Average
63,6,17,5,6.6,Average
70,4,16,5,6.7,Average
51,6,16,6,6.7,Average
56,5,20,6,6.8,Average
53,6,16,5,6.5,Average
61,6,19,5,6.4,Average
63,5,19,6,6.0,Average
53,5,16,5,6.8,Average
57,4,17,6,6.8,Average
63,5,20,6,6.3,Average
67,6,20,6,6.1,Average
58,4,17,6,6.1,Average
54,5,17,5,6.5,Average
58,4,17,5,6.3,Average
67,6,18,5,6.1,Average
58,4,20,5,6.5,Average
70,4,19,6,6.4,Average
61,6,17,6,6.0,Average
56,4,18,5,6.7,Average
68,5,19,5,6.3,Average
58,5,16,5,6.7,Average
50,5,16,5,6.1,Average
53,6,20,6,6.9,Average
51,5,20,6,6.1,Average
52,5,17,5,6.5,Average
67,6,20,6,6.4,Average
66,6,17,6,6.8,Average
66,4,20,5,6.2,Average
61,6,18,6,6.8,Average
69,4,16,6,6.0,Average
64,4,18,5,6.9,Average
60,4,16,6,6.3,Average
53,5,16,5,6.4,Average
51,6,18,6,6.4,Average
58,6,20,5,6.1,Average
69,4,17,6,6.5,Average
69,5,19,5,6.2,Average
50,4,19,6,6.0,Average
55,4,16,6,6.4,Average
57,6,20,5,6.1,Average
52,5,18,5,6.0,Average
65,5,18,5,6.1,Average
63,5,16,5,6.8,Average
50,6,17,5,6.6,Average
56,5,20,6,6.3,Average
68,6,17,5,6.5,Average
52,4,20,6,6.1,Average
65,4,16,6,6.3,Average
60,4,17,6,6.2,Average
66,6,16,6,6.2,Average
65,6,16,5,6.2,Average
62,4,16,5,6.2,Average
70,6,17,5,6.1,Average
52,6,18,5,6.7,Average
57,5,20,5,6.6,Average
68,6,16,5,6.8,Average
51,4,18,5,6.0,Average
52,4,18,5,6.6,Average
52,4,18,6,6.1,Average
55,6,16,5,6.4,Average
50,5,17,6,6.8,Average
53,6,18,6,6.1,Average
66,5,16,5,6.9,Average
68,5,20,5,6.2,Average
54,6,17,5,6.1,Average
59,6,19,6,6.1,Average
62,5,18,6,6.2,Average
50,4,20,5,6.6,Average
50,6,17,5,6.6,Average
64,5,16,6,6.4,Average
58,6,20,5,6.2,Average
56,4,16,5,6.3,Average
66,4,18,5,6.6,Average
69,5,18,5,6.4,Average
69,5,20,5,6.8,Average
64,6,19,5,6.7,Average
67,5,19,5,6.1,Average
50,4,18,5,6.3,Average
61,5,20,6,6.0,Average
60,4,19,6,6.0,Average
69,6,19,5,6.8,Average
66,4,18,6,6.6,Average
57,4,18,5,6.2,Average
55,6,16,6,6.3,Average
57,5,19,6,6.7,Average
57,6,17,5,6.1,Average
58,4,18,5,6.3,Average
70,6,17,5,6.2,Average
57,5,19,5,6.7,Average
67,4,19,6,6.9,Average
69,6,19,5,6.8,Average
67,4,19,5,6.3,Average
55,6,17,5,6.3,Average
59,6,19,5,6.2,Average
62,5,16,5,6.4,Average
64,6,19,5,6.1,Average
50,5,19,5,6.2,Average
64,5,18,5,6.9,Average
67,5,18,6,6.1,Average
65,6,19,5,6.6,Average
55,4,16,6,6.8,Average
64,6,19,5,6.9,Average
55,6,20,5,6.7,Average
54,5,17,5,6.0,Average
56,5,20,5,6.2,Average
61,4,16,6,6.5,Average
56,4,19,6,6.4,Average
50,6,20,6,6.3,Average
54,4,20,6,6.3,Average
61,6,19,6,6.7,Average
56,4,18,5,6.1,Average
64,6,19,5,6.4,Average
64,5,17,6,6.5,Average
63,6,18,6,6.3,Average
70,4,16,5,6.7,Average
57,4,18,6,6.6,Average
62,5,20,5,6.2,Average
52,5,19,6,6.6,Average
50,4,20,6,6.4,Average
57,5,17,5,6.5,Average
55,4,18,6,6.9,Average
62,4,18,5,6.1,Average
53,6,18,5,6.1,Average
59,4,20,5,6.1,Average
67,6,17,6,6.1,Average
52,6,19,6,6.4,Average
68,6,18,5,6.1,Average
54,5,19,5,6.3,Average
67,5,20,5,6.4,Average
55,6,18,5,6.3,Average
53,6,19,6,6.4,Average
62,6,16,6,6.6,Average
68,6,16,5,6.5,Average
57,4,16,6,6.6,Average
61,4,17,6,6.4,Average
53,4,17,5,6.7,Average
58,5,18,6,6.8,Average
66,4,20,5,6.6,Average
59,5,16,6,6.2,Average
52,5,17,6,6.2,Average
61,4,17,6,6.8,Average
60,5,16,6,6.9,Average
68,4,18,5,6.9,Average
69,6,16,6,6.1,Average
62,5,17,6,6.2,Average
69,4,16,6,6.8,Average
68,4,19,5,6.4,Average
50,6,18,5,6.3,Average
62,6,20,5,6.2,Average
54,4,20,6,6.3,Average
68,5,20,5,6.4,Average
58,5,16,5,6.5,Average
57,4,16,5,6.4,Average
51,6,20,6,6.5,Average
60,5,18,6,6.8,Average
69,5,17,6,6.4,Average
51,6,20,5,6.2,Average
60,5,17,5,6.9,Average
55,5,19,5,6.5,Average
64,4,17,5,6.7,Average
64,5,18,6,6.4,Average
67,4,17,5,6.7,Average
58,6,20,6,6.1,Average
66,6,19,6,6.5,Average
57,6,18,6,6.8,Average
52,5,19,6,6.8,Average
59,5,20,5,6.1,Average
51,4,20,5,6.7,Average
53,6,17,6,6.8,Average
51,5,19,6,6.8,Average
56,5,17,6,6.4,Average
52,6,20,5,6.6,Average
60,4,17,5,6.4,Average
69,6,19,6,6.1,Average
64,4,18,6,6.6,Average
50,6,20,5,6.2,Average
63,6,20,6,6.2,Average
52,6,19,5,6.4,Average
57,5,19,5,6.1,Average
60,6,19,6,6.7,Average
64,6,20,5,6.8,Average
70,6,17,5,6.1,Average
65,5,17,5,6.8,Average
62,5,20,5,6.3,Average
66,5,16,6,6.1,Average
65,4,16,6,6.5,Average
63,4,17,5,6.8,Average
60,6,19,6,6.6,Average
59,4,18,5,6.7,Average
62,5,20,5,6.9,Average
69,4,16,6,6.2,Average
54,4,19,6,6.3,Average
62,4,16,5,6.5,Average
50,6,18,5,6.1,Average
66,4,18,5,6.9,Average
65,6,19,6,6.9,Average
56,5,18,5,6.0,Average
54,5,19,6,6.8,Average
69,6,20,6,6.2,Average
70,5,18,6,6.5,Average
60,6,17,5,6.4,Average
55,6,17,6,6.3,Average
66,6,16,6,6.9,Average
69,6,17,5,6.2,Average
68,6,17,6,6.8,Average
66,6,18,6,6.0,Average
53,6,20,6,6.1,Average
58,5,16,5,6.8,Average
62,5,20,5,6.8,Average
70,5,18,6,6.0,Average
58,6,17,6,6.6,Average
69,5,16,6,6.2,Average
66,6,20,5,6.6,Average
70,6,20,6,6.0,Average
59,4,18,6,6.6,Average
60,5,16,5,6.4,Average
54,6,18,5,6.4,Average
62,5,18,6,6.4,Average
70,4,20,5,6.1,Average
61,4,16,6,6.8,Average
66,6,20,5,6.7,Average
61,5,16,5,6.6,Average
67,4,20,6,6.3,Average
67,4,16,5,6.6,Average
66,6,19,6,6.7,Average
50,4,16,5,6.8,Average
66,4,16,6,6.7,Average
63,6,16,5,6.1,Average
66,5,20,6,6.2,Average
53,6,18,6,6.1,Average
61,5,20,6,6.1,Average
61,4,16,6,6.4,Average
67,6,18,6,6.8,Average
53,4,18,6,6.7,Average
69,5,17,6,6.4,Average
68,5,18,5,6.3,Average
65,6,16,5,6.8,Average
67,5,17,6,6.7,Average
66,5,19,6,6.0,Average
59,6,19,6,6.6,Average
60,5,16,6,6.4,Average
59,4,20,5,6.6,Average
67,4,17,6,6.2,Average
56,4,17,6,6.7,Average
60,4,20,5,6.1,Average
63,5,19,5,6.8,Average
59,4,19,5,6.4,Average
64,4,16,5,6.4,Average
50,5,18,5,6.1,Average
54,5,17,5,6.4,Average
63,4,16,5,6.8,Average
52,5,19,5,6.6,Average
61,4,19,6,6.7,Average
63,4,19,6,6.4,Average
54,5,16,6,6.8,Average
55,6,18,5,6.2,Average
64,5,19,5,6.8,Average
70,4,16,6,6.7,Average
53,4,16,5,6.1,Average
70,4,18,5,6.6,Average
65,5,20,6,6.2,Average
63,6,18,6,6.5,Average
61,6,18,5,6.4,Average
22,3,11,2,4.3,Poor
37,3,9,3,3.6,Poor
41,2,13,4,4.3,Poor
27,2,10,2,4.7,Poor
23,2,13,2,3.5,Poor
26,2,12,4,4.9,Poor
27,3,11,3,4.3,Poor
45,3,10,3,5.4,Poor
44,1,12,3,4.9,Poor
26,1,11,3,3.2,Poor
28,3,13,1,3.9,Poor
36,3,11,4,3.3,Poor
37,1,10,2,4.0,Poor
35,3,12,2,5.2,Poor
30,2,8,3,4.4,Poor
22,3,8,2,3.9,Poor
28,2,8,4,3.1,Poor
36,1,8,1,4.2,Poor
36,1,9,4,5.4,Poor
44,2,13,3,4.4,Poor
40,2,13,1,4.0,Poor
27,3,10,1,4.0,Poor
24,1,12,2,3.2,Poor
43,3,9,3,3.8,Poor
36,1,8,1,3.7,Poor
23,2,9,4,4.1,Poor
23,3,10,1,5.0,Poor
25,2,14,1,3.2,Poor
23,3,10,3,5.4,Poor
31,1,8,2,3.5,Poor
29,1,10,1,4.1,Poor
21,3,8,4,5.0,Poor
22,1,10,4,4.8,Poor
22,1,9,3,4.8,Poor
32,1,13,1,3.1,Poor
29,1,13,1,4.5,Poor
45,3,13,4,4.0,Poor
30,1,10,1,5.2,Poor
22,2,9,1,5.4,Poor
24,1,10,4,4.5,Poor
42,2,13,1,4.4,Poor
21,2,8,4,5.4,Poor
44,3,11,2,5.3,Poor
25,2,9,4,5.1,Poor
34,3,9,2,3.7,Poor
28,2,9,4,4.6,Poor
36,1,10,1,5.2,Poor
41,1,8,3,5.4,Poor
42,2,13,3,4.2,Poor
29,1,12,3,3.1,Poor
37,2,14,2,4.4,Poor
27,2,9,2,3.6,Poor
41,2,12,1,3.1,Poor
36,2,14,2,4.3,Poor
34,2,13,2,5.1,Poor
44,2,9,2,4.6,Poor
26,1,12,4,4.3,Poor
32,2,12,3,3.5,Poor
22,3,9,2,3.2,Poor
45,3,8,2,3.2,Poor
23,2,11,3,5.3,Poor
43,2,10,1,4.6,Poor
34,2,12,2,4.6,Poor
34,2,13,3,4.9,Poor
40,2,12,1,5.2,Poor
38,3,13,3,4.5,Poor
44,1,11,2,3.5,Poor
29,2,14,3,4.1,Poor
28,1,8,1,4.6,Poor
22,1,11,1,4.2,Poor
34,2,14,4,4.4,Poor
28,2,8,1,4.8,Poor
23,2,13,2,3.8,Poor
25,3,14,1,5.0,Poor
42,3,8,1,3.2,Poor
31,3,11,2,4.0,Poor
29,1,13,3,4.1,Poor
27,3,12,3,5.4,Poor
43,3,10,4,3.5,Poor
28,3,13,1,4.9,Poor
31,2,13,1,3.3,Poor
29,3,12,2,3.4,Poor
33,3,10,3,3.7,Poor
37,1,8,1,3.4,Poor
22,2,14,2,4.0,Poor
33,1,11,1,5.4,Poor
21,3,9,1,4.2,Poor
29,1,10,3,5.4,Poor
34,3,8,2,3.5,Poor
28,2,12,4,5.0,Poor
41,3,8,1,3.9,Poor
42,3,11,3,4.3,Poor
28,2,8,1,5.0,Poor
39,3,10,4,3.3,Poor
31,1,9,1,4.3,Poor
22,1,10,3,3.4,Poor
23,2,13,1,3.5,Poor
34,3,8,1,3.8,Poor
27,1,13,2,3.8,Poor
29,1,12,3,3.2,Poor
20,1,14,3,3.3,Poor
38,1,11,1,3.4,Poor
25,2,8,1,4.6,Poor
34,1,13,4,3.5,Poor
33,3,13,4,4.5,Poor
44,2,11,3,3.9,Poor
31,2,11,2,4.5,Poor
23,1,14,1,3.4,Poor
21,1,8,1,3.1,Poor
21,3,10,4,5.4,Poor
26,3,8,2,4.4,Poor
24,3,11,4,4.0,Poor
44,3,13,4,4.2,Poor
30,3,12,4,3.2,Poor
33,1,14,3,3.1,Poor
40,3,14,1,3.8,Poor
28,1,9,3,4.4,Poor
31,1,14,1,3.2,Poor
27,3,9,2,4.5,Poor
27,1,9,1,4.7,Poor
22,3,9,3,4.8,Poor
38,3,12,3,4.1,Poor
38,2,10,1,4.3,Poor
37,3,11,2,3.4,Poor
33,1,10,1,4.7,Poor
27,1,11,2,5.1,Poor
25,1,12,1,3.6,Poor
45,1,11,2,4.9,Poor
43,3,11,2,5.1,Poor
36,1,13,1,4.2,Poor
38,3,8,3,3.8,Poor
31,2,13,4,5.1,Poor
32,1,9,4,4.8,Poor
31,1,10,4,5.2,Poor
20,3,9,4,4.9,Poor
35,3,10,1,3.5,Poor
44,1,12,4,3.9,Poor
31,1,14,3,3.3,Poor
23,2,9,2,4.1,Poor
31,2,9,3,4.5,Poor
23,3,8,3,3.5,Poor
34,1,8,1,3.8,Poor
37,1,11,4,4.7,Poor
26,2,9,4,3.4,Poor
24,3,14,1,4.1,Poor
37,2,11,1,3.8,Poor
40,1,10,4,3.4,Poor
34,3,14,1,5.4,Poor
22,1,12,3,4.0,Poor
22,3,13,1,4.3,Poor
36,2,8,2,3.2,Poor
20,3,8,3,3.2,Poor
45,1,11,4,3.2,Poor
44,1,8,1,3.2,Poor
34,1,9,3,4.0,Poor
28,2,8,1,5.4,Poor
23,3,9,2,3.4,Poor
28,3,8,3,4.3,Poor
31,3,11,2,4.1,Poor
44,3,14,1,3.6,Poor
43,1,14,3,5.0,Poor
24,3,14,3,3.0,Poor
35,3,8,4,3.3,Poor
31,2,14,1,3.7,Poor
24,2,14,1,3.7,Poor
41,2,10,1,4.9,Poor
37,1,11,4,3.8,Poor
26,1,14,1,3.2,Poor
32,2,13,4,3.4,Poor
25,1,14,1,3.3,Poor
23,2,12,3,4.2,Poor
36,3,9,4,4.5,Poor
39,1,9,1,3.6,Poor
21,2,10,2,3.9,Poor
27,3,14,4,3.8,Poor
45,3,9,3,4.0,Poor
22,2,10,3,4.0,Poor
20,1,11,2,3.9,Poor
33,1,10,4,3.7,Poor
22,3,11,2,4.7,Poor
39,3,14,3,4.4,Poor
41,1,14,1,3.9,Poor
36,3,10,4,3.5,Poor
35,2,10,1,3.9,Poor
22,3,8,3,3.6,Poor
44,2,11,1,3.9,Poor
33,1,13,4,5.5,Poor
26,2,13,3,4.9,Poor
39,3,10,1,3.3,Poor
27,3,8,3,5.3,Poor
26,3,9,3,4.0,Poor
24,2,9,1,4.3,Poor
33,1,11,2,5.2,Poor
39,1,13,4,4.8,Poor
20,1,11,3,3.0,Poor
44,3,11,2,4.0,Poor
42,2,12,1,5.1,Poor
24,1,11,3,4.3,Poor
36,2,9,4,3.6,Poor
22,1,13,1,5.4,Poor
28,1,9,2,4.7,Poor
43,3,8,2,5.0,Poor
34,1,11,3,4.0,Poor
37,1,11,1,3.4,Poor
31,2,8,4,5.0,Poor
43,3,10,4,3.1,Poor
40,3,12,3,3.0,Poor
34,3,10,4,3.2,Poor
35,1,12,3,5.4,Poor
32,3,14,2,3.4,Poor
44,3,14,3,5.2,Poor
39,1,12,2,3.2,Poor
35,1,12,1,4.1,Poor
30,2,13,3,4.0,Poor
37,3,11,1,5.0,Poor
25,3,12,4,4.5,Poor
44,3,12,3,3.4,Poor
44,3,8,4,3.8,Poor
25,3,9,3,4.7,Poor
35,3,14,2,4.5,Poor
44,2,10,1,3.7,Poor
43,1,11,1,5.2,Poor
40,3,11,2,4.8,Poor
26,3,13,1,3.3,Poor
36,3,11,4,4.9,Poor
30,3,10,4,4.2,Poor
34,2,14,4,4.2,Poor
43,2,13,3,4.5,Poor
39,3,13,3,4.0,Poor
37,2,11,3,4.7,Poor
42,3,10,3,4.5,Poor
35,2,14,2,3.6,Poor
28,1,8,4,5.5,Poor
28,2,12,1,5.4,Poor
45,3,14,2,5.4,Poor
21,1,13,1,3.6,Poor
39,3,14,1,4.2,Poor
41,3,12,3,5.1,Poor
31,3,10,2,4.3,Poor
33,1,9,2,5.1,Poor
41,2,14,1,5.5,Poor
45,2,12,2,5.3,Poor
27,3,8,1,3.4,Poor
42,3,8,2,5.3,Poor
40,2,10,4,4.9,Poor
26,3,14,2,3.4,Poor
38,2,12,1,3.6,Poor
40,3,10,3,5.2,Poor
27,1,10,3,5.2,Poor
35,2,9,4,5.5,Poor
36,1,9,4,4.2,Poor
27,2,10,1,3.2,Poor
21,1,14,4,5.2,Poor
22,2,8,2,3.5,Poor
29,1,12,4,3.8,Poor
42,3,10,4,4.6,Poor
28,1,12,2,4.2,Poor
27,3,9,2,5.3,Poor
29,1,12,2,4.7,Poor
22,2,12,3,3.2,Poor
25,3,10,2,5.4,Poor
36,1,9,1,4.4,Poor
41,2,10,1,3.0,Poor
29,1,13,1,3.3,Poor
45,3,11,2,5.0,Poor
21,3,8,2,3.4,Poor
39,2,12,2,4.9,Poor
45,3,8,3,4.7,Poor
42,3,8,1,4.7,Poor
21,1,11,2,4.9,Poor
35,2,10,4,4.8,Poor
27,3,13,1,3.9,Poor
31,2,11,1,4.0,Poor
39,2,14,2,3.9,Poor
28,2,8,3,4.3,Poor
37,1,14,2,4.0,Poor
32,2,9,2,5.0,Poor
22,2,14,1,4.4,Poor
34,1,8,3,4.3,Poor
40,2,9,4,3.4,Poor
38,3,8,4,3.6,Poor
37,3,8,1,4.7,Poor
21,1,11,2,3.7,Poor
35,3,11,3,3.5,Poor
32,1,10,4,4.1,Poor
22,2,14,1,3.8,Poor
21,3,12,4,3.3,Poor
27,2,13,3,4.5,Poor
26,1,13,1,3.9,Poor
35,1,11,1,4.8,Poor
45,3,13,4,3.2,Poor
38,3,14,4,3.1,Poor
35,1,8,1,5.2,Poor
35,2,8,3,3.7,Poor
31,2,12,2,4.1,Poor
39,1,9,3,3.2,Poor
27,3,14,3,5.2,Poor
43,2,14,3,3.8,Poor
26,3,8,2,3.0,Poor
34,1,9,4,4.4,Poor
45,1,11,2,3.6,Poor
36,1,9,4,5.3,Poor
37,2,14,4,3.4,Poor
34,2,11,3,3.6,Poor
43,2,8,3,4.8,Poor
36,3,11,2,3.1,Poor
31,2,8,1,3.2,Poor
27,1,13,1,4.7,Poor
24,3,8,1,3.1,Poor
38,1,12,2,4.3,Poor
42,2,13,4,3.5,Poor
36,1,9,1,3.3,Poor
25,3,10,1,4.3,Poor
25,2,13,2,3.6,Poor
34,3,13,1,5.1,Poor
27,3,12,1,3.8,Poor
21,2,8,4,4.7,Poor
42,3,12,2,5.1,Poor
28,1,13,2,4.3,Poor
23,1,14,4,3.2,Poor
25,1,9,3,4.5,Poor
20,1,11,2,4.6,Poor
43,3,9,1,5.2,Poor
26,2,13,4,4.3,Poor
30,3,9,1,5.0,Poor
29,1,11,2,3.8,Poor
33,2,9,3,3.7,Poor
23,1,14,4,4.9,Poor
33,2,8,2,3.7,Poor
41,3,9,2,3.5,Poor
41,2,11,1,4.2,Poor
43,1,14,2,3.0,Poor
20,3,10,1,3.2,Poor
41,1,13,3,4.5,Poor
23,1,10,4,3.9,Poor
32,1,9,3,4.1,Poor
27,3,13,4,4.7,Poor
35,1,14,1,4.2,Poor
42,1,13,4,3.4,Poor
25,2,8,3,5.2,Poor
30,1,8,2,4.0,Poor
33,3,10,3,5.2,Poor
31,1,11,4,4.9,Poor
21,3,13,1,4.8,Poor
44,2,14,4,3.9,Poor
44,2,11,3,4.2,Poor
44,3,12,2,3.9,Poor
22,2,11,1,3.5,Poor
20,2,9,2,4.1,Poor
21,3,9,4,4.9,Poor
34,3,14,4,4.9,Poor
34,2,13,4,4.4,Poor
44,1,13,2,5.1,Poor
45,3,12,4,3.8,Poor
35,2,10,1,3.8,Poor
20,2,14,4,3.1,Poor
21,3,9,3,3.9,Poor
26,3,9,2,5.3,Poor
31,2,11,4,3.9,Poor
29,2,8,1,4.0,Poor
22,3,13,3,4.8,Poor
22,3,10,1,4.7,Poor
45,2,9,2,4.8,Poor
32,3,12,2,3.1,Poor
29,2,9,1,4.0,Poor
41,2,13,4,4.2,Poor
31,2,14,2,3.8,Poor
38,3,13,4,3.5,Poor
40,3,13,1,5.3,Poor
27,1,13,4,4.9,Poor
27,3,9,1,3.7,Poor
29,1,13,1,3.1,Poor
32,2,10,1,3.1,Poor
45,1,8,3,5.1,Poor
37,1,13,4,3.1,Poor
24,2,10,1,4.3,Poor
29,2,11,2,3.7,Poor
24,2,9,2,4.5,Poor
29,1,11,1,3.6,Poor
30,1,8,3,3.6,Poor
39,1,12,1,3.9,Poor
21,2,13,2,3.8,Poor
37,2,8,2,4.0,Poor
31,1,12,2,5.2,Poor
37,1,8,2,4.0,Poor
32,1,11,1,3.7,Poor
39,1,9,1,4.6,Poor
38,2,11,4,3.5,Poor
26,3,14,4,3.7,Poor
34,3,11,4,4.8,Poor
21,2,12,1,3.4,Poor
41,2,12,2,4.4,Poor
26,3,10,2,3.1,Poor
43,3,10,4,5.2,Poor
29,2,12,1,5.2,Poor
43,2,13,2,3.7,Poor
31,1,9,1,4.9,Poor
23,3,13,1,5.2,Poor
25,2,8,3,3.8,Poor
40,2,10,4,3.6,Poor
31,1,10,2,5.5,Poor
32,2,12,1,4.3,Poor
21,2,13,4,3.2,Poor
34,2,12,4,3.9,Poor
39,2,14,2,5.1,Poor
42,3,8,2,3.1,Poor
41,3,10,2,3.7,Poor
40,3,12,3,3.1,Poor
40,3,10,1,3.9,Poor
23,2,12,3,3.4,Poor
28,2,11,3,3.2,Poor
42,3,9,3,4.3,Poor
41,2,11,1,4.0,Poor
20,2,9,1,4.4,Poor
39,3,10,1,4.7,Poor
28,1,13,3,3.1,Poor
38,1,8,4,3.7,Poor
36,1,11,2,3.9,Poor
23,1,8,3,4.3,Poor
20,2,8,2,5.3,Poor
33,2,9,4,5.5,Poor
31,1,8,2,3.5,Poor
20,2,10,4,3.2,Poor
42,1,11,2,4.9,Poor
24,2,8,3,3.3,Poor
28,2,14,4,3.3,Poor
33,3,14,3,3.0,Poor
29,3,14,1,3.9,Poor
26,1,12,4,3.3,Poor
36,1,11,2,3.7,Poor
32,2,12,2,4.1,Poor
37,1,11,4,3.7,Poor
31,2,9,1,5.1,Poor
44,1,14,2,4.9,Poor
34,1,13,1,3.5,Poor
37,3,8,4,3.9,Poor
40,2,10,3,4.9,Poor
36,3,9,4,3.0,Poor
32,2,13,3,3.7,Poor
20,2,12,3,4.2,Poor
39,1,11,1,4.1,Poor
24,2,13,3,3.9,Poor
43,1,10,4,5.4,Poor
45,1,14,2,5.1,Poor
27,1,11,2,5.2,Poor
36,2,10,1,5.3,Poor
40,1,13,4,4.4,Poor
36,1,8,1,4.7,Poor
43,2,8,4,3.6,Poor
39,3,8,3,3.2,Poor
33,3,14,2,3.3,Poor
45,1,14,2,4.9,Poor
36,1,13,1,3.3,Poor
34,2,8,4,4.8,Poor
34,1,14,2,4.0,Poor
23,1,8,2,3.8,Poor
35,2,8,4,4.9,Poor
36,2,8,3,5.2,Poor
24,2,11,4,3.5,Poor
32,1,8,1,4.6,Poor
26,1,11,3,3.4,Poor
33,3,10,3,4.1,Poor
43,2,13,4,3.4,Poor
45,2,9,2,5.2,Poor
20,3,12,1,5.2,Poor
44,2,11,1,5.1,Poor
21,3,8,3,4.6,Poor
27,2,12,3,3.5,Poor
41,3,14,2,5.3,Poor
45,3,8,3,4.0,Poor
24,1,10,4,4.4,Poor
30,3,13,2,3.8,Poor
28,2,14,2,4.3,Poor
24,1,11,3,4.3,Poor
43,1,8,1,4.1,Poor
42,2,9,1,4.4,Poor
20,2,14,1,5.1,Poor
26,2,9,2,5.1,Poor
21,2,8,3,4.4,Poor
43,2,13,1,4.5,Poor
38,2,12,4,5.2,Poor
34,1,9,4,3.1,Poor
23,2,14,4,3.4,Poor
44,1,8,4,5.1,Poor
32,1,12,1,4.4,Poor
27,3,10,2,3.7,Poor
23,1,8,4,4.2,Poor
33,3,14,1,5.0,Poor
36,1,13,1,3.3,Poor
32,1,14,3,4.0,Poor
30,1,14,2,4.5,Poor
30,3,12,1,5.4,Poor
28,1,8,2,5.5,Poor
42,2,11,3,4.9,Poor
21,1,13,3,4.7,Poor
34,1,14,3,4.2,Poor
42,2,8,3,5.3,Poor
25,3,12,1,5.2,Poor
45,3,8,1,5.0,Poor
41,2,11,1,3.8,Poor
31,1,14,3,5.4,Poor
20,2,11,1,4.3,Poor
21,1,9,1,4.0,Poor
25,2,8,2,4.7,Poor
26,3,11,1,3.6,Poor
20,2,12,1,3.3,Poor
36,3,10,2,3.0,Poor
31,2,12,2,4.1,Poor
37,1,14,1,5.0,Poor
45,2,13,4,3.2,Poor
41,2,10,2,4.0,Poor
23,3,14,1,3.2,Poor
41,1,13,2,3.0,Poor
36,2,10,4,3.6,Poor
31,2,9,2,3.7,Poor
30,2,13,3,3.1,Poor
33,1,9,1,3.7,Poor
35,3,10,1,3.7,Poor
27,3,10,3,4.9,Poor
37,3,12,3,3.4,Poor
43,1,12,1,3.3,Poor
26,2,12,3,3.8,Poor
26,1,8,1,3.1,Poor
27,2,11,4,5.3,Poor
34,3,14,2,4.6,Poor
37,3,13,3,3.3,Poor
36,3,13,4,4.3,Poor
29,2,10,3,3.3,Poor
32,1,10,1,4.8,Poor
42,2,8,1,3.3,Poor
21,2,10,4,4.1,Poor
32,3,14,1,4.0,Poor
23,1,14,1,3.6,Poor
41,3,13,4,3.9,Poor
30,2,8,2,5.2,Poor
43,3,12,1,3.8,Poor
30,2,13,3,4.3,Poor
25,2,13,1,4.0,Poor
28,1,12,3,4.7,Poor
28,1,11,3,3.8,Poor
25,3,11,3,4.6,Poor
26,3,11,4,3.1,Poor
23,1,14,2,3.2,Poor
31,3,11,1,4.3,Poor
44,1,9,2,4.5,Poor
43,3,14,4,5.1,Poor
39,1,12,3,5.4,Poor
42,2,11,3,4.2,Poor
36,3,13,4,3.7,Poor
24,2,13,3,3.8,Poor
27,2,10,4,3.0,Poor
37,1,9,4,3.1,Poor
34,3,13,4,3.7,Poor
30,2,8,3,4.4,Poor
43,3,14,2,4.8,Poor
21,2,14,4,4.4,Poor
24,1,10,1,3.2,Poor
40,2,14,4,4.5,Poor
34,3,9,2,5.0,Poor
28,2,9,2,4.2,Poor
45,1,8,4,4.1,Poor
38,2,12,2,5.2,Poor
21,3,10,2,4.0,Poor
41,1,13,4,3.6,Poor
23,3,14,3,3.8,Poor
41,1,9,1,4.9,Poor
35,3,8,3,5.4,Poor
42,2,9,3,4.9,Poor
33,3,11,3,3.8,Poor
32,1,14,1,3.9,Poor
40,2,10,2,4.5,Poor
21,3,11,3,5.4,Poor
21,2,12,4,5.4,Poor
33,2,8,4,5.0,Poor
26,2,8,2,4.5,Poor
35,1,8,1,4.6,Poor
27,2,12,2,4.1,Poor
42,3,12,1,4.0,Poor
42,3,10,2,3.7,Poor
36,3,11,2,3.9,Poor
40,3,13,4,4.1,Poor
41,1,13,1,4.6,Poor
20,2,9,1,4.1,Poor
33,2,12,2,5.0,Poor
42,1,8,4,5.2,Poor
27,2,14,4,4.4,Poor
24,3,9,3,3.6,Poor
36,2,8,2,4.4,Poor
44,3,10,4,5.4,Poor
28,3,10,2,4.9,Poor
21,1,12,1,5.1,Poor
37,2,11,4,3.1,Poor
37,1,12,3,4.5,Poor
41,2,8,2,4.5,Poor
26,1,14,3,4.7,Poor
21,1,10,1,3.9,Poor
43,3,14,1,4.5,Poor
29,1,11,3,3.7,Poor
27,1,14,4,3.8,Poor
